ts,pid,index,am,am_source,elapsed_source,phase,intra_pct,intra_source,pct,elapsed_s,eta_s,weight_basis,risk,eta_basis
1787765860620,6219,(building oid=0),hnsw,phase+counters,pg_stat_activity.query_start,"building index: loading tuples",0.10,view-counter,0.10,0.1,78.1,"单阶段访问方法：百分比即阶段内视图计数，不需要跨阶段权重","⚠ 预测会降级落盘","已按降级修正（减速倍数 4.031，预测第 68275 行降级）"
1787765861148,6219,(building oid=0),hnsw,phase+counters,pg_stat_activity.query_start,"building index: loading tuples",2.05,view-counter,2.05,0.6,57.5,"单阶段访问方法：百分比即阶段内视图计数，不需要跨阶段权重","⚠ 预测会降级落盘","已按降级修正（减速倍数 4.031，预测第 68275 行降级）"
1787765861678,6219,(building oid=0),hnsw,phase+counters,pg_stat_activity.query_start,"building index: loading tuples",4.35,view-counter,4.35,1.1,59.6,"单阶段访问方法：百分比即阶段内视图计数，不需要跨阶段权重","⚠ 预测会降级落盘","已按降级修正（减速倍数 4.031，预测第 68275 行降级）"
1787765862207,6219,(building oid=0),hnsw,phase+counters,pg_stat_activity.query_start,"building index: loading tuples",7.90,view-counter,7.90,1.7,63.1,"单阶段访问方法：百分比即阶段内视图计数，不需要跨阶段权重","⚠ 预测会降级落盘","已按降级修正（减速倍数 4.031，预测第 68275 行降级）"
1787765862744,6219,(building oid=0),hnsw,phase+counters,pg_stat_activity.query_start,"building index: loading tuples",9.81,view-counter,9.81,2.2,66.2,"单阶段访问方法：百分比即阶段内视图计数，不需要跨阶段权重","⚠ 预测会降级落盘","已按降级修正（减速倍数 4.031，预测第 68275 行降级）"
1787765863277,6219,(building oid=0),hnsw,phase+counters,pg_stat_activity.query_start,"building index: loading tuples",11.70,view-counter,11.70,2.7,68.6,"单阶段访问方法：百分比即阶段内视图计数，不需要跨阶段权重","⚠ 预测会降级落盘","已按降级修正（减速倍数 4.031，预测第 68275 行降级）"
1787765863805,6219,(building oid=0),hnsw,phase+counters,pg_stat_activity.query_start,"building index: loading tuples",13.60,view-counter,13.60,3.3,69.9,"单阶段访问方法：百分比即阶段内视图计数，不需要跨阶段权重","⚠ 预测会降级落盘","已按降级修正（减速倍数 4.031，预测第 68275 行降级）"
1787765864334,6219,(building oid=0),hnsw,phase+counters,pg_stat_activity.query_start,"building index: loading tuples",15.44,view-counter,15.44,3.8,71.3,"单阶段访问方法：百分比即阶段内视图计数，不需要跨阶段权重","⚠ 预测会降级落盘","已按降级修正（减速倍数 4.031，预测第 68275 行降级）"
1787765864864,6219,(building oid=0),hnsw,phase+counters,pg_stat_activity.query_start,"building index: loading tuples",16.65,view-counter,16.65,4.3,73.6,"单阶段访问方法：百分比即阶段内视图计数，不需要跨阶段权重","⚠ 预测会降级落盘","已按降级修正（减速倍数 4.031，预测第 68275 行降级）"
1787765865392,6219,(building oid=0),hnsw,phase+counters,pg_stat_activity.query_start,"building index: loading tuples",17.86,view-counter,17.86,4.8,75.7,"单阶段访问方法：百分比即阶段内视图计数，不需要跨阶段权重","⚠ 预测会降级落盘","已按降级修正（减速倍数 4.031，预测第 68275 行降级）"
1787765865920,6219,(building oid=0),hnsw,phase+counters,pg_stat_activity.query_start,"building index: loading tuples",19.22,view-counter,19.22,5.4,76.3,"单阶段访问方法：百分比即阶段内视图计数，不需要跨阶段权重","⚠ 预测会降级落盘","已按降级修正（减速倍数 4.031，预测第 68275 行降级）"
1787765866450,6219,(building oid=0),hnsw,phase+counters,pg_stat_activity.query_start,"building index: loading tuples",20.53,view-counter,20.53,5.9,76.8,"单阶段访问方法：百分比即阶段内视图计数，不需要跨阶段权重","⚠ 预测会降级落盘","已按降级修正（减速倍数 4.031，预测第 68275 行降级）"
1787765866985,6219,(building oid=0),hnsw,phase+counters,pg_stat_activity.query_start,"building index: loading tuples",22.22,view-counter,22.22,6.4,77.8,"单阶段访问方法：百分比即阶段内视图计数，不需要跨阶段权重","⚠ 预测会降级落盘","已按降级修正（减速倍数 4.031，预测第 68275 行降级）"
1787765867519,6219,(building oid=0),hnsw,phase+counters,pg_stat_activity.query_start,"building index: loading tuples",23.43,view-counter,23.43,7.0,78.9,"单阶段访问方法：百分比即阶段内视图计数，不需要跨阶段权重","⚠ 预测会降级落盘","已按降级修正（减速倍数 4.031，预测第 68275 行降级）"
1787765868048,6219,(building oid=0),hnsw,phase+counters,pg_stat_activity.query_start,"building index: loading tuples",25.08,view-counter,25.08,7.5,79.6,"单阶段访问方法：百分比即阶段内视图计数，不需要跨阶段权重","⚠ 预测会降级落盘","已按降级修正（减速倍数 4.031，预测第 68275 行降级）"
1787765868576,6219,(building oid=0),hnsw,phase+counters,pg_stat_activity.query_start,"building index: loading tuples",26.80,view-counter,26.80,8.0,79.6,"单阶段访问方法：百分比即阶段内视图计数，不需要跨阶段权重","⚠ 预测会降级落盘","已按降级修正（减速倍数 4.031，预测第 68275 行降级）"
1787765869105,6219,(building oid=0),hnsw,phase+counters,pg_stat_activity.query_start,"building index: loading tuples",28.29,view-counter,28.29,8.6,79.8,"单阶段访问方法：百分比即阶段内视图计数，不需要跨阶段权重","⚠ 预测会降级落盘","已按降级修正（减速倍数 4.031，预测第 68275 行降级）"
1787765869633,6219,(building oid=0),hnsw,phase+counters,pg_stat_activity.query_start,"building index: loading tuples",29.74,view-counter,29.74,9.1,80.5,"单阶段访问方法：百分比即阶段内视图计数，不需要跨阶段权重","⚠ 预测会降级落盘","已按降级修正（减速倍数 4.031，预测第 68275 行降级）"
1787765870160,6219,(building oid=0),hnsw,phase+counters,pg_stat_activity.query_start,"building index: loading tuples",30.89,view-counter,30.89,9.6,81.5,"单阶段访问方法：百分比即阶段内视图计数，不需要跨阶段权重","⚠ 预测会降级落盘","已按降级修正（减速倍数 4.031，预测第 68275 行降级）"
1787765870691,6219,(building oid=0),hnsw,phase+counters,pg_stat_activity.query_start,"building index: loading tuples",32.02,view-counter,32.02,10.1,82.5,"单阶段访问方法：百分比即阶段内视图计数，不需要跨阶段权重","⚠ 预测会降级落盘","已按降级修正（减速倍数 4.031，预测第 68275 行降级）"
1787765871218,6219,(building oid=0),hnsw,phase+counters,pg_stat_activity.query_start,"building index: loading tuples",32.88,view-counter,32.88,10.7,84.9,"单阶段访问方法：百分比即阶段内视图计数，不需要跨阶段权重","⚠ 预测会降级落盘","已按降级修正（减速倍数 4.031，预测第 68275 行降级）"
1787765871747,6219,(building oid=0),hnsw,phase+counters,pg_stat_activity.query_start,"building index: loading tuples",33.21,view-counter,33.21,11.2,88.0,"单阶段访问方法：百分比即阶段内视图计数，不需要跨阶段权重","⚠ 预测会降级落盘","已按降级修正（减速倍数 4.031，预测第 68275 行降级）"
1787765872274,6219,(building oid=0),hnsw,phase+counters,pg_stat_activity.query_start,"building index: loading tuples",33.54,view-counter,33.54,11.7,90.8,"单阶段访问方法：百分比即阶段内视图计数，不需要跨阶段权重","⚠ 预测会降级落盘","已按降级修正（减速倍数 4.031，预测第 68275 行降级）"
1787765872802,6219,(building oid=0),hnsw,phase+counters,pg_stat_activity.query_start,"building index: loading tuples",33.98,view-counter,33.98,12.2,90.5,"单阶段访问方法：百分比即阶段内视图计数，不需要跨阶段权重","⚠ 预测会降级落盘","已按降级修正（减速倍数 4.031，预测第 68275 行降级）"
1787765873331,6219,(building oid=0),hnsw,phase+counters,pg_stat_activity.query_start,"building index: loading tuples",34.31,view-counter,34.31,12.8,90.1,"单阶段访问方法：百分比即阶段内视图计数，不需要跨阶段权重","⚠ 预测会降级落盘","已按降级修正（减速倍数 4.031，预测第 68275 行降级）"
1787765873859,6219,(building oid=0),hnsw,phase+counters,pg_stat_activity.query_start,"building index: loading tuples",34.65,view-counter,34.65,13.3,89.8,"单阶段访问方法：百分比即阶段内视图计数，不需要跨阶段权重","⚠ 预测会降级落盘","已按降级修正（减速倍数 4.031，预测第 68275 行降级）"
1787765874387,6219,(building oid=0),hnsw,phase+counters,pg_stat_activity.query_start,"building index: loading tuples",34.97,view-counter,34.97,13.8,89.5,"单阶段访问方法：百分比即阶段内视图计数，不需要跨阶段权重","⚠ 预测会降级落盘","已按降级修正（减速倍数 4.031，预测第 68275 行降级）"
1787765874915,6219,(building oid=0),hnsw,phase+counters,pg_stat_activity.query_start,"building index: loading tuples",35.20,view-counter,35.20,14.4,89.3,"单阶段访问方法：百分比即阶段内视图计数，不需要跨阶段权重","⚠ 预测会降级落盘","已按降级修正（减速倍数 4.031，预测第 68275 行降级）"
1787765875442,6219,(building oid=0),hnsw,phase+counters,pg_stat_activity.query_start,"building index: loading tuples",35.64,view-counter,35.64,14.9,88.9,"单阶段访问方法：百分比即阶段内视图计数，不需要跨阶段权重","⚠ 预测会降级落盘","已按降级修正（减速倍数 4.031，预测第 68275 行降级）"
1787765875969,6219,(building oid=0),hnsw,phase+counters,pg_stat_activity.query_start,"building index: loading tuples",35.97,view-counter,35.97,15.4,88.6,"单阶段访问方法：百分比即阶段内视图计数，不需要跨阶段权重","⚠ 预测会降级落盘","已按降级修正（减速倍数 4.031，预测第 68275 行降级）"
1787765876496,6219,(building oid=0),hnsw,phase+counters,pg_stat_activity.query_start,"building index: loading tuples",36.31,view-counter,36.31,15.9,88.2,"单阶段访问方法：百分比即阶段内视图计数，不需要跨阶段权重","⚠ 预测会降级落盘","已按降级修正（减速倍数 4.031，预测第 68275 行降级）"
1787765877023,6219,(building oid=0),hnsw,phase+counters,pg_stat_activity.query_start,"building index: loading tuples",36.64,view-counter,36.64,16.5,87.9,"单阶段访问方法：百分比即阶段内视图计数，不需要跨阶段权重","⚠ 预测会降级落盘","已按降级修正（减速倍数 4.031，预测第 68275 行降级）"
1787765877550,6219,(building oid=0),hnsw,phase+counters,pg_stat_activity.query_start,"building index: loading tuples",36.96,view-counter,36.96,17.0,87.5,"单阶段访问方法：百分比即阶段内视图计数，不需要跨阶段权重","⚠ 预测会降级落盘","已按降级修正（减速倍数 4.031，预测第 68275 行降级）"
1787765878077,6219,(building oid=0),hnsw,phase+counters,pg_stat_activity.query_start,"building index: loading tuples",37.41,view-counter,37.41,17.5,87.2,"单阶段访问方法：百分比即阶段内视图计数，不需要跨阶段权重","⚠ 预测会降级落盘","已按降级修正（减速倍数 4.031，预测第 68275 行降级）"
1787765878604,6219,(building oid=0),hnsw,phase+counters,pg_stat_activity.query_start,"building index: loading tuples",37.74,view-counter,37.74,18.1,86.8,"单阶段访问方法：百分比即阶段内视图计数，不需要跨阶段权重","⚠ 预测会降级落盘","已按降级修正（减速倍数 4.031，预测第 68275 行降级）"
1787765879132,6219,(building oid=0),hnsw,phase+counters,pg_stat_activity.query_start,"building index: loading tuples",38.07,view-counter,38.07,18.6,86.4,"单阶段访问方法：百分比即阶段内视图计数，不需要跨阶段权重","⚠ 预测会降级落盘","已按降级修正（减速倍数 4.031，预测第 68275 行降级）"
1787765879660,6219,(building oid=0),hnsw,phase+counters,pg_stat_activity.query_start,"building index: loading tuples",38.62,view-counter,38.62,19.1,85.9,"单阶段访问方法：百分比即阶段内视图计数，不需要跨阶段权重","⚠ 预测会降级落盘","已按降级修正（减速倍数 4.031，预测第 68275 行降级）"
1787765880187,6219,(building oid=0),hnsw,phase+counters,pg_stat_activity.query_start,"building index: loading tuples",38.95,view-counter,38.95,19.6,85.5,"单阶段访问方法：百分比即阶段内视图计数，不需要跨阶段权重","⚠ 预测会降级落盘","已按降级修正（减速倍数 4.031，预测第 68275 行降级）"
1787765880715,6219,(building oid=0),hnsw,phase+counters,pg_stat_activity.query_start,"building index: loading tuples",39.06,view-counter,39.06,20.2,85.2,"单阶段访问方法：百分比即阶段内视图计数，不需要跨阶段权重","⚠ 预测会降级落盘","已按降级修正（减速倍数 4.031，预测第 68275 行降级）"
1787765881242,6219,(building oid=0),hnsw,phase+counters,pg_stat_activity.query_start,"building index: loading tuples",39.49,view-counter,39.49,20.7,84.7,"单阶段访问方法：百分比即阶段内视图计数，不需要跨阶段权重","⚠ 预测会降级落盘","已按降级修正（减速倍数 4.031，预测第 68275 行降级）"
1787765881769,6219,(building oid=0),hnsw,phase+counters,pg_stat_activity.query_start,"building index: loading tuples",39.83,view-counter,39.83,21.2,84.2,"单阶段访问方法：百分比即阶段内视图计数，不需要跨阶段权重","⚠ 预测会降级落盘","已按降级修正（减速倍数 4.031，预测第 68275 行降级）"
1787765882297,6219,(building oid=0),hnsw,phase+counters,pg_stat_activity.query_start,"building index: loading tuples",40.16,view-counter,40.16,21.7,83.7,"单阶段访问方法：百分比即阶段内视图计数，不需要跨阶段权重","⚠ 预测会降级落盘","已按降级修正（减速倍数 4.031，预测第 68275 行降级）"
1787765882823,6219,(building oid=0),hnsw,phase+counters,pg_stat_activity.query_start,"building index: loading tuples",40.60,view-counter,40.60,22.3,83.2,"单阶段访问方法：百分比即阶段内视图计数，不需要跨阶段权重","⚠ 预测会降级落盘","已按降级修正（减速倍数 4.031，预测第 68275 行降级）"
1787765883351,6219,(building oid=0),hnsw,phase+counters,pg_stat_activity.query_start,"building index: loading tuples",40.95,view-counter,40.95,22.8,82.6,"单阶段访问方法：百分比即阶段内视图计数，不需要跨阶段权重","⚠ 预测会降级落盘","已按降级修正（减速倍数 4.031，预测第 68275 行降级）"
1787765883878,6219,(building oid=0),hnsw,phase+counters,pg_stat_activity.query_start,"building index: loading tuples",41.28,view-counter,41.28,23.3,82.1,"单阶段访问方法：百分比即阶段内视图计数，不需要跨阶段权重","⚠ 预测会降级落盘","已按降级修正（减速倍数 4.031，预测第 68275 行降级）"
1787765884405,6219,(building oid=0),hnsw,phase+counters,pg_stat_activity.query_start,"building index: loading tuples",41.73,view-counter,41.73,23.9,81.6,"单阶段访问方法：百分比即阶段内视图计数，不需要跨阶段权重","⚠ 预测会降级落盘","已按降级修正（减速倍数 4.031，预测第 68275 行降级）"
1787765884934,6219,(building oid=0),hnsw,phase+counters,pg_stat_activity.query_start,"building index: loading tuples",42.06,view-counter,42.06,24.4,81.1,"单阶段访问方法：百分比即阶段内视图计数，不需要跨阶段权重","⚠ 预测会降级落盘","已按降级修正（减速倍数 4.031，预测第 68275 行降级）"
1787765885461,6219,(building oid=0),hnsw,phase+counters,pg_stat_activity.query_start,"building index: loading tuples",42.40,view-counter,42.40,24.9,80.6,"单阶段访问方法：百分比即阶段内视图计数，不需要跨阶段权重","⚠ 预测会降级落盘","已按降级修正（减速倍数 4.031，预测第 68275 行降级）"
1787765885988,6219,(building oid=0),hnsw,phase+counters,pg_stat_activity.query_start,"building index: loading tuples",42.73,view-counter,42.73,25.4,80.1,"单阶段访问方法：百分比即阶段内视图计数，不需要跨阶段权重","⚠ 预测会降级落盘","已按降级修正（减速倍数 4.031，预测第 68275 行降级）"
1787765886515,6219,(building oid=0),hnsw,phase+counters,pg_stat_activity.query_start,"building index: loading tuples",43.17,view-counter,43.17,26.0,79.6,"单阶段访问方法：百分比即阶段内视图计数，不需要跨阶段权重","⚠ 预测会降级落盘","已按降级修正（减速倍数 4.031，预测第 68275 行降级）"
1787765887044,6219,(building oid=0),hnsw,phase+counters,pg_stat_activity.query_start,"building index: loading tuples",43.51,view-counter,43.51,26.5,79.1,"单阶段访问方法：百分比即阶段内视图计数，不需要跨阶段权重","⚠ 预测会降级落盘","已按降级修正（减速倍数 4.031，预测第 68275 行降级）"
1787765887571,6219,(building oid=0),hnsw,phase+counters,pg_stat_activity.query_start,"building index: loading tuples",43.84,view-counter,43.84,27.0,78.7,"单阶段访问方法：百分比即阶段内视图计数，不需要跨阶段权重","⚠ 预测会降级落盘","已按降级修正（减速倍数 4.031，预测第 68275 行降级）"
1787765888098,6219,(building oid=0),hnsw,phase+counters,pg_stat_activity.query_start,"building index: loading tuples",44.29,view-counter,44.29,27.5,78.2,"单阶段访问方法：百分比即阶段内视图计数，不需要跨阶段权重","⚠ 预测会降级落盘","已按降级修正（减速倍数 4.031，预测第 68275 行降级）"
1787765888626,6219,(building oid=0),hnsw,phase+counters,pg_stat_activity.query_start,"building index: loading tuples",44.61,view-counter,44.61,28.1,77.8,"单阶段访问方法：百分比即阶段内视图计数，不需要跨阶段权重","⚠ 预测会降级落盘","已按降级修正（减速倍数 4.031，预测第 68275 行降级）"
1787765889154,6219,(building oid=0),hnsw,phase+counters,pg_stat_activity.query_start,"building index: loading tuples",44.94,view-counter,44.94,28.6,77.3,"单阶段访问方法：百分比即阶段内视图计数，不需要跨阶段权重","⚠ 预测会降级落盘","已按降级修正（减速倍数 4.031，预测第 68275 行降级）"
1787765889681,6219,(building oid=0),hnsw,phase+counters,pg_stat_activity.query_start,"building index: loading tuples",45.38,view-counter,45.38,29.1,76.9,"单阶段访问方法：百分比即阶段内视图计数，不需要跨阶段权重","⚠ 预测会降级落盘","已按降级修正（减速倍数 4.031，预测第 68275 行降级）"
1787765890217,6219,(building oid=0),hnsw,phase+counters,pg_stat_activity.query_start,"building index: loading tuples",45.72,view-counter,45.72,29.7,76.5,"单阶段访问方法：百分比即阶段内视图计数，不需要跨阶段权重","⚠ 预测会降级落盘","已按降级修正（减速倍数 4.031，预测第 68275 行降级）"
1787765890752,6219,(building oid=0),hnsw,phase+counters,pg_stat_activity.query_start,"building index: loading tuples",46.08,view-counter,46.08,30.2,75.8,"单阶段访问方法：百分比即阶段内视图计数，不需要跨阶段权重","⚠ 预测会降级落盘","已按降级修正（减速倍数 4.031，预测第 68275 行降级）"
1787765891287,6219,(building oid=0),hnsw,phase+counters,pg_stat_activity.query_start,"building index: loading tuples",46.78,view-counter,46.78,30.7,75.1,"单阶段访问方法：百分比即阶段内视图计数，不需要跨阶段权重","⚠ 预测会降级落盘","已按降级修正（减速倍数 4.031，预测第 68275 行降级）"
1787765891821,6219,(building oid=0),hnsw,phase+counters,pg_stat_activity.query_start,"building index: loading tuples",47.15,view-counter,47.15,31.3,74.5,"单阶段访问方法：百分比即阶段内视图计数，不需要跨阶段权重","⚠ 预测会降级落盘","已按降级修正（减速倍数 4.031，预测第 68275 行降级）"
1787765892359,6219,(building oid=0),hnsw,phase+counters,pg_stat_activity.query_start,"building index: loading tuples",47.64,view-counter,47.64,31.8,73.8,"单阶段访问方法：百分比即阶段内视图计数，不需要跨阶段权重","⚠ 预测会降级落盘","已按降级修正（减速倍数 4.031，预测第 68275 行降级）"
1787765892895,6219,(building oid=0),hnsw,phase+counters,pg_stat_activity.query_start,"building index: loading tuples",48.22,view-counter,48.22,32.3,73.2,"单阶段访问方法：百分比即阶段内视图计数，不需要跨阶段权重","⚠ 预测会降级落盘","已按降级修正（减速倍数 4.031，预测第 68275 行降级）"
1787765893430,6219,(building oid=0),hnsw,phase+counters,pg_stat_activity.query_start,"building index: loading tuples",48.59,view-counter,48.59,32.9,72.6,"单阶段访问方法：百分比即阶段内视图计数，不需要跨阶段权重","⚠ 预测会降级落盘","已按降级修正（减速倍数 4.031，预测第 68275 行降级）"
1787765893966,6219,(building oid=0),hnsw,phase+counters,pg_stat_activity.query_start,"building index: loading tuples",49.06,view-counter,49.06,33.4,72.0,"单阶段访问方法：百分比即阶段内视图计数，不需要跨阶段权重","⚠ 预测会降级落盘","已按降级修正（减速倍数 4.031，预测第 68275 行降级）"
1787765894501,6219,(building oid=0),hnsw,phase+counters,pg_stat_activity.query_start,"building index: loading tuples",49.43,view-counter,49.43,33.9,71.4,"单阶段访问方法：百分比即阶段内视图计数，不需要跨阶段权重","⚠ 预测会降级落盘","已按降级修正（减速倍数 4.031，预测第 68275 行降级）"
1787765895036,6219,(building oid=0),hnsw,phase+counters,pg_stat_activity.query_start,"building index: loading tuples",50.02,view-counter,50.02,34.5,70.8,"单阶段访问方法：百分比即阶段内视图计数，不需要跨阶段权重","⚠ 预测会降级落盘","已按降级修正（减速倍数 4.031，预测第 68275 行降级）"
1787765895572,6219,(building oid=0),hnsw,phase+counters,pg_stat_activity.query_start,"building index: loading tuples",50.50,view-counter,50.50,35.0,70.1,"单阶段访问方法：百分比即阶段内视图计数，不需要跨阶段权重","⚠ 预测会降级落盘","已按降级修正（减速倍数 4.031，预测第 68275 行降级）"
1787765896108,6219,(building oid=0),hnsw,phase+counters,pg_stat_activity.query_start,"building index: loading tuples",50.89,view-counter,50.89,35.6,69.4,"单阶段访问方法：百分比即阶段内视图计数，不需要跨阶段权重","⚠ 预测会降级落盘","已按降级修正（减速倍数 4.031，预测第 68275 行降级）"
1787765896642,6219,(building oid=0),hnsw,phase+counters,pg_stat_activity.query_start,"building index: loading tuples",51.49,view-counter,51.49,36.1,68.6,"单阶段访问方法：百分比即阶段内视图计数，不需要跨阶段权重","⚠ 预测会降级落盘","已按降级修正（减速倍数 4.031，预测第 68275 行降级）"
1787765897176,6219,(building oid=0),hnsw,phase+counters,pg_stat_activity.query_start,"building index: loading tuples",51.97,view-counter,51.97,36.6,67.9,"单阶段访问方法：百分比即阶段内视图计数，不需要跨阶段权重","⚠ 预测会降级落盘","已按降级修正（减速倍数 4.031，预测第 68275 行降级）"
1787765897711,6219,(building oid=0),hnsw,phase+counters,pg_stat_activity.query_start,"building index: loading tuples",52.57,view-counter,52.57,37.2,67.2,"单阶段访问方法：百分比即阶段内视图计数，不需要跨阶段权重","⚠ 预测会降级落盘","已按降级修正（减速倍数 4.031，预测第 68275 行降级）"
1787765898246,6219,(building oid=0),hnsw,phase+counters,pg_stat_activity.query_start,"building index: loading tuples",52.83,view-counter,52.83,37.7,66.5,"单阶段访问方法：百分比即阶段内视图计数，不需要跨阶段权重","⚠ 预测会降级落盘","已按降级修正（减速倍数 4.031，预测第 68275 行降级）"
1787765898781,6219,(building oid=0),hnsw,phase+counters,pg_stat_activity.query_start,"building index: loading tuples",53.19,view-counter,53.19,38.2,65.9,"单阶段访问方法：百分比即阶段内视图计数，不需要跨阶段权重","⚠ 预测会降级落盘","已按降级修正（减速倍数 4.031，预测第 68275 行降级）"
1787765899315,6219,(building oid=0),hnsw,phase+counters,pg_stat_activity.query_start,"building index: loading tuples",53.56,view-counter,53.56,38.8,65.3,"单阶段访问方法：百分比即阶段内视图计数，不需要跨阶段权重","⚠ 预测会降级落盘","已按降级修正（减速倍数 4.031，预测第 68275 行降级）"
1787765899851,6219,(building oid=0),hnsw,phase+counters,pg_stat_activity.query_start,"building index: loading tuples",54.04,view-counter,54.04,39.3,64.7,"单阶段访问方法：百分比即阶段内视图计数，不需要跨阶段权重","⚠ 预测会降级落盘","已按降级修正（减速倍数 4.031，预测第 68275 行降级）"
1787765900386,6219,(building oid=0),hnsw,phase+counters,pg_stat_activity.query_start,"building index: loading tuples",54.39,view-counter,54.39,39.8,64.2,"单阶段访问方法：百分比即阶段内视图计数，不需要跨阶段权重","⚠ 预测会降级落盘","已按降级修正（减速倍数 4.031，预测第 68275 行降级）"
1787765900921,6219,(building oid=0),hnsw,phase+counters,pg_stat_activity.query_start,"building index: loading tuples",54.76,view-counter,54.76,40.4,63.6,"单阶段访问方法：百分比即阶段内视图计数，不需要跨阶段权重","⚠ 预测会降级落盘","已按降级修正（减速倍数 4.031，预测第 68275 行降级）"
1787765901455,6219,(building oid=0),hnsw,phase+counters,pg_stat_activity.query_start,"building index: loading tuples",55.12,view-counter,55.12,40.9,63.1,"单阶段访问方法：百分比即阶段内视图计数，不需要跨阶段权重","⚠ 预测会降级落盘","已按降级修正（减速倍数 4.031，预测第 68275 行降级）"
1787765901988,6219,(building oid=0),hnsw,phase+counters,pg_stat_activity.query_start,"building index: loading tuples",55.59,view-counter,55.59,41.4,62.5,"单阶段访问方法：百分比即阶段内视图计数，不需要跨阶段权重","⚠ 预测会降级落盘","已按降级修正（减速倍数 4.031，预测第 68275 行降级）"
1787765902523,6219,(building oid=0),hnsw,phase+counters,pg_stat_activity.query_start,"building index: loading tuples",55.95,view-counter,55.95,42.0,62.0,"单阶段访问方法：百分比即阶段内视图计数，不需要跨阶段权重","⚠ 预测会降级落盘","已按降级修正（减速倍数 4.031，预测第 68275 行降级）"
1787765903057,6219,(building oid=0),hnsw,phase+counters,pg_stat_activity.query_start,"building index: loading tuples",56.22,view-counter,56.22,42.5,61.4,"单阶段访问方法：百分比即阶段内视图计数，不需要跨阶段权重","⚠ 预测会降级落盘","已按降级修正（减速倍数 4.031，预测第 68275 行降级）"
1787765903592,6219,(building oid=0),hnsw,phase+counters,pg_stat_activity.query_start,"building index: loading tuples",56.58,view-counter,56.58,43.0,60.9,"单阶段访问方法：百分比即阶段内视图计数，不需要跨阶段权重","⚠ 预测会降级落盘","已按降级修正（减速倍数 4.031，预测第 68275 行降级）"
1787765904128,6219,(building oid=0),hnsw,phase+counters,pg_stat_activity.query_start,"building index: loading tuples",57.05,view-counter,57.05,43.6,60.4,"单阶段访问方法：百分比即阶段内视图计数，不需要跨阶段权重","⚠ 预测会降级落盘","已按降级修正（减速倍数 4.031，预测第 68275 行降级）"
1787765904662,6219,(building oid=0),hnsw,phase+counters,pg_stat_activity.query_start,"building index: loading tuples",57.41,view-counter,57.41,44.1,59.9,"单阶段访问方法：百分比即阶段内视图计数，不需要跨阶段权重","⚠ 预测会降级落盘","已按降级修正（减速倍数 4.031，预测第 68275 行降级）"
1787765905197,6219,(building oid=0),hnsw,phase+counters,pg_stat_activity.query_start,"building index: loading tuples",57.77,view-counter,57.77,44.6,59.3,"单阶段访问方法：百分比即阶段内视图计数，不需要跨阶段权重","⚠ 预测会降级落盘","已按降级修正（减速倍数 4.031，预测第 68275 行降级）"
1787765905731,6219,(building oid=0),hnsw,phase+counters,pg_stat_activity.query_start,"building index: loading tuples",58.13,view-counter,58.13,45.2,58.8,"单阶段访问方法：百分比即阶段内视图计数，不需要跨阶段权重","⚠ 预测会降级落盘","已按降级修正（减速倍数 4.031，预测第 68275 行降级）"
1787765906265,6219,(building oid=0),hnsw,phase+counters,pg_stat_activity.query_start,"building index: loading tuples",58.71,view-counter,58.71,45.7,58.2,"单阶段访问方法：百分比即阶段内视图计数，不需要跨阶段权重","⚠ 预测会降级落盘","已按降级修正（减速倍数 4.031，预测第 68275 行降级）"
1787765906799,6219,(building oid=0),hnsw,phase+counters,pg_stat_activity.query_start,"building index: loading tuples",58.96,view-counter,58.96,46.2,57.7,"单阶段访问方法：百分比即阶段内视图计数，不需要跨阶段权重","⚠ 预测会降级落盘","已按降级修正（减速倍数 4.031，预测第 68275 行降级）"
1787765907334,6219,(building oid=0),hnsw,phase+counters,pg_stat_activity.query_start,"building index: loading tuples",59.32,view-counter,59.32,46.8,57.2,"单阶段访问方法：百分比即阶段内视图计数，不需要跨阶段权重","⚠ 预测会降级落盘","已按降级修正（减速倍数 4.031，预测第 68275 行降级）"
1787765907869,6219,(building oid=0),hnsw,phase+counters,pg_stat_activity.query_start,"building index: loading tuples",59.67,view-counter,59.67,47.3,56.7,"单阶段访问方法：百分比即阶段内视图计数，不需要跨阶段权重","⚠ 预测会降级落盘","已按降级修正（减速倍数 4.031，预测第 68275 行降级）"
1787765908403,6219,(building oid=0),hnsw,phase+counters,pg_stat_activity.query_start,"building index: loading tuples",60.03,view-counter,60.03,47.8,56.2,"单阶段访问方法：百分比即阶段内视图计数，不需要跨阶段权重","⚠ 预测会降级落盘","已按降级修正（减速倍数 4.031，预测第 68275 行降级）"
1787765908938,6219,(building oid=0),hnsw,phase+counters,pg_stat_activity.query_start,"building index: loading tuples",60.50,view-counter,60.50,48.4,55.7,"单阶段访问方法：百分比即阶段内视图计数，不需要跨阶段权重","⚠ 预测会降级落盘","已按降级修正（减速倍数 4.031，预测第 68275 行降级）"
1787765909472,6219,(building oid=0),hnsw,phase+counters,pg_stat_activity.query_start,"building index: loading tuples",60.87,view-counter,60.87,48.9,55.1,"单阶段访问方法：百分比即阶段内视图计数，不需要跨阶段权重","⚠ 预测会降级落盘","已按降级修正（减速倍数 4.031，预测第 68275 行降级）"
1787765910007,6219,(building oid=0),hnsw,phase+counters,pg_stat_activity.query_start,"building index: loading tuples",61.23,view-counter,61.23,49.5,54.6,"单阶段访问方法：百分比即阶段内视图计数，不需要跨阶段权重","⚠ 预测会降级落盘","已按降级修正（减速倍数 4.031，预测第 68275 行降级）"
1787765910543,6219,(building oid=0),hnsw,phase+counters,pg_stat_activity.query_start,"building index: loading tuples",61.48,view-counter,61.48,50.0,54.1,"单阶段访问方法：百分比即阶段内视图计数，不需要跨阶段权重","⚠ 预测会降级落盘","已按降级修正（减速倍数 4.031，预测第 68275 行降级）"
1787765911076,6219,(building oid=0),hnsw,phase+counters,pg_stat_activity.query_start,"building index: loading tuples",62.07,view-counter,62.07,50.5,53.5,"单阶段访问方法：百分比即阶段内视图计数，不需要跨阶段权重","⚠ 预测会降级落盘","已按降级修正（减速倍数 4.031，预测第 68275 行降级）"
1787765911603,6219,(building oid=0),hnsw,phase+counters,pg_stat_activity.query_start,"building index: loading tuples",62.43,view-counter,62.43,51.0,53.0,"单阶段访问方法：百分比即阶段内视图计数，不需要跨阶段权重","⚠ 预测会降级落盘","已按降级修正（减速倍数 4.031，预测第 68275 行降级）"
1787765912131,6219,(building oid=0),hnsw,phase+counters,pg_stat_activity.query_start,"building index: loading tuples",62.68,view-counter,62.68,51.6,52.4,"单阶段访问方法：百分比即阶段内视图计数，不需要跨阶段权重","⚠ 预测会降级落盘","已按降级修正（减速倍数 4.031，预测第 68275 行降级）"
1787765912659,6219,(building oid=0),hnsw,phase+counters,pg_stat_activity.query_start,"building index: loading tuples",63.04,view-counter,63.04,52.1,51.9,"单阶段访问方法：百分比即阶段内视图计数，不需要跨阶段权重","⚠ 预测会降级落盘","已按降级修正（减速倍数 4.031，预测第 68275 行降级）"
1787765913188,6219,(building oid=0),hnsw,phase+counters,pg_stat_activity.query_start,"building index: loading tuples",63.62,view-counter,63.62,52.6,51.4,"单阶段访问方法：百分比即阶段内视图计数，不需要跨阶段权重","⚠ 预测会降级落盘","已按降级修正（减速倍数 4.031，预测第 68275 行降级）"
1787765913724,6219,(building oid=0),hnsw,phase+counters,pg_stat_activity.query_start,"building index: loading tuples",63.87,view-counter,63.87,53.2,50.9,"单阶段访问方法：百分比即阶段内视图计数，不需要跨阶段权重","⚠ 预测会降级落盘","已按降级修正（减速倍数 4.031，预测第 68275 行降级）"
1787765914258,6219,(building oid=0),hnsw,phase+counters,pg_stat_activity.query_start,"building index: loading tuples",64.23,view-counter,64.23,53.7,50.4,"单阶段访问方法：百分比即阶段内视图计数，不需要跨阶段权重","⚠ 预测会降级落盘","已按降级修正（减速倍数 4.031，预测第 68275 行降级）"
1787765914793,6219,(building oid=0),hnsw,phase+counters,pg_stat_activity.query_start,"building index: loading tuples",64.59,view-counter,64.59,54.2,49.9,"单阶段访问方法：百分比即阶段内视图计数，不需要跨阶段权重","⚠ 预测会降级落盘","已按降级修正（减速倍数 4.031，预测第 68275 行降级）"
1787765915327,6219,(building oid=0),hnsw,phase+counters,pg_stat_activity.query_start,"building index: loading tuples",64.94,view-counter,64.94,54.8,49.3,"单阶段访问方法：百分比即阶段内视图计数，不需要跨阶段权重","⚠ 预测会降级落盘","已按降级修正（减速倍数 4.031，预测第 68275 行降级）"
1787765915862,6219,(building oid=0),hnsw,phase+counters,pg_stat_activity.query_start,"building index: loading tuples",65.42,view-counter,65.42,55.3,48.8,"单阶段访问方法：百分比即阶段内视图计数，不需要跨阶段权重","⚠ 预测会降级落盘","已按降级修正（减速倍数 4.031，预测第 68275 行降级）"
1787765916395,6219,(building oid=0),hnsw,phase+counters,pg_stat_activity.query_start,"building index: loading tuples",65.79,view-counter,65.79,55.8,48.2,"单阶段访问方法：百分比即阶段内视图计数，不需要跨阶段权重","⚠ 预测会降级落盘","已按降级修正（减速倍数 4.031，预测第 68275 行降级）"
1787765916929,6219,(building oid=0),hnsw,phase+counters,pg_stat_activity.query_start,"building index: loading tuples",66.15,view-counter,66.15,56.4,47.7,"单阶段访问方法：百分比即阶段内视图计数，不需要跨阶段权重","⚠ 预测会降级落盘","已按降级修正（减速倍数 4.031，预测第 68275 行降级）"
1787765917463,6219,(building oid=0),hnsw,phase+counters,pg_stat_activity.query_start,"building index: loading tuples",66.40,view-counter,66.40,56.9,47.2,"单阶段访问方法：百分比即阶段内视图计数，不需要跨阶段权重","⚠ 预测会降级落盘","已按降级修正（减速倍数 4.031，预测第 68275 行降级）"
1787765917996,6219,(building oid=0),hnsw,phase+counters,pg_stat_activity.query_start,"building index: loading tuples",66.99,view-counter,66.99,57.4,46.7,"单阶段访问方法：百分比即阶段内视图计数，不需要跨阶段权重","⚠ 预测会降级落盘","已按降级修正（减速倍数 4.031，预测第 68275 行降级）"
1787765918530,6219,(building oid=0),hnsw,phase+counters,pg_stat_activity.query_start,"building index: loading tuples",67.35,view-counter,67.35,58.0,46.1,"单阶段访问方法：百分比即阶段内视图计数，不需要跨阶段权重","⚠ 预测会降级落盘","已按降级修正（减速倍数 4.031，预测第 68275 行降级）"
1787765919064,6219,(building oid=0),hnsw,phase+counters,pg_stat_activity.query_start,"building index: loading tuples",67.59,view-counter,67.59,58.5,45.6,"单阶段访问方法：百分比即阶段内视图计数，不需要跨阶段权重","⚠ 预测会降级落盘","已按降级修正（减速倍数 4.031，预测第 68275 行降级）"
1787765919597,6219,(building oid=0),hnsw,phase+counters,pg_stat_activity.query_start,"building index: loading tuples",67.95,view-counter,67.95,59.0,45.1,"单阶段访问方法：百分比即阶段内视图计数，不需要跨阶段权重","⚠ 预测会降级落盘","已按降级修正（减速倍数 4.031，预测第 68275 行降级）"
1787765920131,6219,(building oid=0),hnsw,phase+counters,pg_stat_activity.query_start,"building index: loading tuples",68.53,view-counter,68.53,59.6,44.5,"单阶段访问方法：百分比即阶段内视图计数，不需要跨阶段权重","⚠ 预测会降级落盘","已按降级修正（减速倍数 4.031，预测第 68275 行降级）"
1787765920664,6219,(building oid=0),hnsw,phase+counters,pg_stat_activity.query_start,"building index: loading tuples",68.78,view-counter,68.78,60.1,44.0,"单阶段访问方法：百分比即阶段内视图计数，不需要跨阶段权重","⚠ 预测会降级落盘","已按降级修正（减速倍数 4.031，预测第 68275 行降级）"
1787765921198,6219,(building oid=0),hnsw,phase+counters,pg_stat_activity.query_start,"building index: loading tuples",69.13,view-counter,69.13,60.6,43.5,"单阶段访问方法：百分比即阶段内视图计数，不需要跨阶段权重","⚠ 预测会降级落盘","已按降级修正（减速倍数 4.031，预测第 68275 行降级）"
1787765921732,6219,(building oid=0),hnsw,phase+counters,pg_stat_activity.query_start,"building index: loading tuples",69.50,view-counter,69.50,61.2,43.0,"单阶段访问方法：百分比即阶段内视图计数，不需要跨阶段权重","⚠ 预测会降级落盘","已按降级修正（减速倍数 4.031，预测第 68275 行降级）"
1787765922265,6219,(building oid=0),hnsw,phase+counters,pg_stat_activity.query_start,"building index: loading tuples",69.85,view-counter,69.85,61.7,42.5,"单阶段访问方法：百分比即阶段内视图计数，不需要跨阶段权重","⚠ 预测会降级落盘","已按降级修正（减速倍数 4.031，预测第 68275 行降级）"
1787765922798,6219,(building oid=0),hnsw,phase+counters,pg_stat_activity.query_start,"building index: loading tuples",70.33,view-counter,70.33,62.2,41.9,"单阶段访问方法：百分比即阶段内视图计数，不需要跨阶段权重","⚠ 预测会降级落盘","已按降级修正（减速倍数 4.031，预测第 68275 行降级）"
1787765923332,6219,(building oid=0),hnsw,phase+counters,pg_stat_activity.query_start,"building index: loading tuples",70.69,view-counter,70.69,62.8,41.4,"单阶段访问方法：百分比即阶段内视图计数，不需要跨阶段权重","⚠ 预测会降级落盘","已按降级修正（减速倍数 4.031，预测第 68275 行降级）"
1787765923866,6219,(building oid=0),hnsw,phase+counters,pg_stat_activity.query_start,"building index: loading tuples",70.93,view-counter,70.93,63.3,40.9,"单阶段访问方法：百分比即阶段内视图计数，不需要跨阶段权重","⚠ 预测会降级落盘","已按降级修正（减速倍数 4.031，预测第 68275 行降级）"
1787765924401,6219,(building oid=0),hnsw,phase+counters,pg_stat_activity.query_start,"building index: loading tuples",71.29,view-counter,71.29,63.8,40.4,"单阶段访问方法：百分比即阶段内视图计数，不需要跨阶段权重","⚠ 预测会降级落盘","已按降级修正（减速倍数 4.031，预测第 68275 行降级）"
1787765924936,6219,(building oid=0),hnsw,phase+counters,pg_stat_activity.query_start,"building index: loading tuples",71.88,view-counter,71.88,64.4,39.9,"单阶段访问方法：百分比即阶段内视图计数，不需要跨阶段权重","⚠ 预测会降级落盘","已按降级修正（减速倍数 4.031，预测第 68275 行降级）"
1787765925471,6219,(building oid=0),hnsw,phase+counters,pg_stat_activity.query_start,"building index: loading tuples",72.13,view-counter,72.13,64.9,39.3,"单阶段访问方法：百分比即阶段内视图计数，不需要跨阶段权重","⚠ 预测会降级落盘","已按降级修正（减速倍数 4.031，预测第 68275 行降级）"
1787765926005,6219,(building oid=0),hnsw,phase+counters,pg_stat_activity.query_start,"building index: loading tuples",72.48,view-counter,72.48,65.4,38.8,"单阶段访问方法：百分比即阶段内视图计数，不需要跨阶段权重","⚠ 预测会降级落盘","已按降级修正（减速倍数 4.031，预测第 68275 行降级）"
1787765926540,6219,(building oid=0),hnsw,phase+counters,pg_stat_activity.query_start,"building index: loading tuples",72.84,view-counter,72.84,66.0,38.3,"单阶段访问方法：百分比即阶段内视图计数，不需要跨阶段权重","⚠ 预测会降级落盘","已按降级修正（减速倍数 4.031，预测第 68275 行降级）"
1787765927075,6219,(building oid=0),hnsw,phase+counters,pg_stat_activity.query_start,"building index: loading tuples",73.19,view-counter,73.19,66.5,37.8,"单阶段访问方法：百分比即阶段内视图计数，不需要跨阶段权重","⚠ 预测会降级落盘","已按降级修正（减速倍数 4.031，预测第 68275 行降级）"
1787765927603,6219,(building oid=0),hnsw,phase+counters,pg_stat_activity.query_start,"building index: loading tuples",73.66,view-counter,73.66,67.0,37.3,"单阶段访问方法：百分比即阶段内视图计数，不需要跨阶段权重","⚠ 预测会降级落盘","已按降级修正（减速倍数 4.031，预测第 68275 行降级）"
1787765928129,6219,(building oid=0),hnsw,phase+counters,pg_stat_activity.query_start,"building index: loading tuples",74.02,view-counter,74.02,67.6,36.8,"单阶段访问方法：百分比即阶段内视图计数，不需要跨阶段权重","⚠ 预测会降级落盘","已按降级修正（减速倍数 4.031，预测第 68275 行降级）"
1787765928654,6219,(building oid=0),hnsw,phase+counters,pg_stat_activity.query_start,"building index: loading tuples",74.37,view-counter,74.37,68.1,36.3,"单阶段访问方法：百分比即阶段内视图计数，不需要跨阶段权重","⚠ 预测会降级落盘","已按降级修正（减速倍数 4.031，预测第 68275 行降级）"
1787765929184,6219,(building oid=0),hnsw,phase+counters,pg_stat_activity.query_start,"building index: loading tuples",74.73,view-counter,74.73,68.6,35.8,"单阶段访问方法：百分比即阶段内视图计数，不需要跨阶段权重","⚠ 预测会降级落盘","已按降级修正（减速倍数 4.031，预测第 68275 行降级）"
1787765929710,6219,(building oid=0),hnsw,phase+counters,pg_stat_activity.query_start,"building index: loading tuples",74.97,view-counter,74.97,69.2,35.3,"单阶段访问方法：百分比即阶段内视图计数，不需要跨阶段权重","⚠ 预测会降级落盘","已按降级修正（减速倍数 4.031，预测第 68275 行降级）"
1787765930240,6219,(building oid=0),hnsw,phase+counters,pg_stat_activity.query_start,"building index: loading tuples",75.56,view-counter,75.56,69.7,34.7,"单阶段访问方法：百分比即阶段内视图计数，不需要跨阶段权重","⚠ 预测会降级落盘","已按降级修正（减速倍数 4.031，预测第 68275 行降级）"
1787765930769,6219,(building oid=0),hnsw,phase+counters,pg_stat_activity.query_start,"building index: loading tuples",75.91,view-counter,75.91,70.2,34.2,"单阶段访问方法：百分比即阶段内视图计数，不需要跨阶段权重","⚠ 预测会降级落盘","已按降级修正（减速倍数 4.031，预测第 68275 行降级）"
1787765931298,6219,(building oid=0),hnsw,phase+counters,pg_stat_activity.query_start,"building index: loading tuples",76.16,view-counter,76.16,70.7,33.6,"单阶段访问方法：百分比即阶段内视图计数，不需要跨阶段权重","⚠ 预测会降级落盘","已按降级修正（减速倍数 4.031，预测第 68275 行降级）"
1787765931826,6219,(building oid=0),hnsw,phase+counters,pg_stat_activity.query_start,"building index: loading tuples",76.51,view-counter,76.51,71.3,33.1,"单阶段访问方法：百分比即阶段内视图计数，不需要跨阶段权重","⚠ 预测会降级落盘","已按降级修正（减速倍数 4.031，预测第 68275 行降级）"
1787765932353,6219,(building oid=0),hnsw,phase+counters,pg_stat_activity.query_start,"building index: loading tuples",76.87,view-counter,76.87,71.8,32.5,"单阶段访问方法：百分比即阶段内视图计数，不需要跨阶段权重","⚠ 预测会降级落盘","已按降级修正（减速倍数 4.031，预测第 68275 行降级）"
1787765932880,6219,(building oid=0),hnsw,phase+counters,pg_stat_activity.query_start,"building index: loading tuples",77.23,view-counter,77.23,72.3,32.0,"单阶段访问方法：百分比即阶段内视图计数，不需要跨阶段权重","⚠ 预测会降级落盘","已按降级修正（减速倍数 4.031，预测第 68275 行降级）"
1787765933408,6219,(building oid=0),hnsw,phase+counters,pg_stat_activity.query_start,"building index: loading tuples",77.69,view-counter,77.69,72.9,31.4,"单阶段访问方法：百分比即阶段内视图计数，不需要跨阶段权重","⚠ 预测会降级落盘","已按降级修正（减速倍数 4.031，预测第 68275 行降级）"
1787765933935,6219,(building oid=0),hnsw,phase+counters,pg_stat_activity.query_start,"building index: loading tuples",78.04,view-counter,78.04,73.4,30.9,"单阶段访问方法：百分比即阶段内视图计数，不需要跨阶段权重","⚠ 预测会降级落盘","已按降级修正（减速倍数 4.031，预测第 68275 行降级）"
1787765934462,6219,(building oid=0),hnsw,phase+counters,pg_stat_activity.query_start,"building index: loading tuples",78.40,view-counter,78.40,73.9,30.4,"单阶段访问方法：百分比即阶段内视图计数，不需要跨阶段权重","⚠ 预测会降级落盘","已按降级修正（减速倍数 4.031，预测第 68275 行降级）"
1787765934988,6219,(building oid=0),hnsw,phase+counters,pg_stat_activity.query_start,"building index: loading tuples",78.63,view-counter,78.63,74.4,29.8,"单阶段访问方法：百分比即阶段内视图计数，不需要跨阶段权重","⚠ 预测会降级落盘","已按降级修正（减速倍数 4.031，预测第 68275 行降级）"
1787765935520,6219,(building oid=0),hnsw,phase+counters,pg_stat_activity.query_start,"building index: loading tuples",79.00,view-counter,79.00,75.0,29.3,"单阶段访问方法：百分比即阶段内视图计数，不需要跨阶段权重","⚠ 预测会降级落盘","已按降级修正（减速倍数 4.031，预测第 68275 行降级）"
1787765936047,6219,(building oid=0),hnsw,phase+counters,pg_stat_activity.query_start,"building index: loading tuples",79.58,view-counter,79.58,75.5,28.7,"单阶段访问方法：百分比即阶段内视图计数，不需要跨阶段权重","⚠ 预测会降级落盘","已按降级修正（减速倍数 4.031，预测第 68275 行降级）"
1787765936573,6219,(building oid=0),hnsw,phase+counters,pg_stat_activity.query_start,"building index: loading tuples",79.82,view-counter,79.82,76.0,28.2,"单阶段访问方法：百分比即阶段内视图计数，不需要跨阶段权重","⚠ 预测会降级落盘","已按降级修正（减速倍数 4.031，预测第 68275 行降级）"
1787765937100,6219,(building oid=0),hnsw,phase+counters,pg_stat_activity.query_start,"building index: loading tuples",80.18,view-counter,80.18,76.5,27.6,"单阶段访问方法：百分比即阶段内视图计数，不需要跨阶段权重","⚠ 预测会降级落盘","已按降级修正（减速倍数 4.031，预测第 68275 行降级）"
1787765937627,6219,(building oid=0),hnsw,phase+counters,pg_stat_activity.query_start,"building index: loading tuples",80.53,view-counter,80.53,77.1,27.1,"单阶段访问方法：百分比即阶段内视图计数，不需要跨阶段权重","⚠ 预测会降级落盘","已按降级修正（减速倍数 4.031，预测第 68275 行降级）"
1787765938153,6219,(building oid=0),hnsw,phase+counters,pg_stat_activity.query_start,"building index: loading tuples",80.89,view-counter,80.89,77.6,26.5,"单阶段访问方法：百分比即阶段内视图计数，不需要跨阶段权重","⚠ 预测会降级落盘","已按降级修正（减速倍数 4.031，预测第 68275 行降级）"
1787765938680,6219,(building oid=0),hnsw,phase+counters,pg_stat_activity.query_start,"building index: loading tuples",81.24,view-counter,81.24,78.1,26.0,"单阶段访问方法：百分比即阶段内视图计数，不需要跨阶段权重","⚠ 预测会降级落盘","已按降级修正（减速倍数 4.031，预测第 68275 行降级）"
1787765939207,6219,(building oid=0),hnsw,phase+counters,pg_stat_activity.query_start,"building index: loading tuples",81.82,view-counter,81.82,78.7,25.4,"单阶段访问方法：百分比即阶段内视图计数，不需要跨阶段权重","⚠ 预测会降级落盘","已按降级修正（减速倍数 4.031，预测第 68275 行降级）"
1787765939735,6219,(building oid=0),hnsw,phase+counters,pg_stat_activity.query_start,"building index: loading tuples",82.17,view-counter,82.17,79.2,24.9,"单阶段访问方法：百分比即阶段内视图计数，不需要跨阶段权重","⚠ 预测会降级落盘","已按降级修正（减速倍数 4.031，预测第 68275 行降级）"
1787765940262,6219,(building oid=0),hnsw,phase+counters,pg_stat_activity.query_start,"building index: loading tuples",82.52,view-counter,82.52,79.7,24.4,"单阶段访问方法：百分比即阶段内视图计数，不需要跨阶段权重","⚠ 预测会降级落盘","已按降级修正（减速倍数 4.031，预测第 68275 行降级）"
1787765940788,6219,(building oid=0),hnsw,phase+counters,pg_stat_activity.query_start,"building index: loading tuples",82.87,view-counter,82.87,80.2,23.9,"单阶段访问方法：百分比即阶段内视图计数，不需要跨阶段权重","⚠ 预测会降级落盘","已按降级修正（减速倍数 4.031，预测第 68275 行降级）"
1787765941314,6219,(building oid=0),hnsw,phase+counters,pg_stat_activity.query_start,"building index: loading tuples",83.22,view-counter,83.22,80.8,23.4,"单阶段访问方法：百分比即阶段内视图计数，不需要跨阶段权重","⚠ 预测会降级落盘","已按降级修正（减速倍数 4.031，预测第 68275 行降级）"
1787765941842,6219,(building oid=0),hnsw,phase+counters,pg_stat_activity.query_start,"building index: loading tuples",83.46,view-counter,83.46,81.3,22.8,"单阶段访问方法：百分比即阶段内视图计数，不需要跨阶段权重","⚠ 预测会降级落盘","已按降级修正（减速倍数 4.031，预测第 68275 行降级）"
1787765942369,6219,(building oid=0),hnsw,phase+counters,pg_stat_activity.query_start,"building index: loading tuples",83.81,view-counter,83.81,81.8,22.3,"单阶段访问方法：百分比即阶段内视图计数，不需要跨阶段权重","⚠ 预测会降级落盘","已按降级修正（减速倍数 4.031，预测第 68275 行降级）"
1787765942896,6219,(building oid=0),hnsw,phase+counters,pg_stat_activity.query_start,"building index: loading tuples",84.21,view-counter,84.21,82.3,21.8,"单阶段访问方法：百分比即阶段内视图计数，不需要跨阶段权重","⚠ 预测会降级落盘","已按降级修正（减速倍数 4.031，预测第 68275 行降级）"
1787765943424,6219,(building oid=0),hnsw,phase+counters,pg_stat_activity.query_start,"building index: loading tuples",84.77,view-counter,84.77,82.9,21.3,"单阶段访问方法：百分比即阶段内视图计数，不需要跨阶段权重","⚠ 预测会降级落盘","已按降级修正（减速倍数 4.031，预测第 68275 行降级）"
1787765943953,6219,(building oid=0),hnsw,phase+counters,pg_stat_activity.query_start,"building index: loading tuples",84.89,view-counter,84.89,83.4,20.8,"单阶段访问方法：百分比即阶段内视图计数，不需要跨阶段权重","⚠ 预测会降级落盘","已按降级修正（减速倍数 4.031，预测第 68275 行降级）"
1787765944479,6219,(building oid=0),hnsw,phase+counters,pg_stat_activity.query_start,"building index: loading tuples",85.46,view-counter,85.46,83.9,20.4,"单阶段访问方法：百分比即阶段内视图计数，不需要跨阶段权重","⚠ 预测会降级落盘","已按降级修正（减速倍数 4.031，预测第 68275 行降级）"
1787765945006,6219,(building oid=0),hnsw,phase+counters,pg_stat_activity.query_start,"building index: loading tuples",85.58,view-counter,85.58,84.5,19.9,"单阶段访问方法：百分比即阶段内视图计数，不需要跨阶段权重","⚠ 预测会降级落盘","已按降级修正（减速倍数 4.031，预测第 68275 行降级）"
1787765945533,6219,(building oid=0),hnsw,phase+counters,pg_stat_activity.query_start,"building index: loading tuples",86.15,view-counter,86.15,85.0,19.4,"单阶段访问方法：百分比即阶段内视图计数，不需要跨阶段权重","⚠ 预测会降级落盘","已按降级修正（减速倍数 4.031，预测第 68275 行降级）"
1787765946059,6219,(building oid=0),hnsw,phase+counters,pg_stat_activity.query_start,"building index: loading tuples",86.38,view-counter,86.38,85.5,18.9,"单阶段访问方法：百分比即阶段内视图计数，不需要跨阶段权重","⚠ 预测会降级落盘","已按降级修正（减速倍数 4.031，预测第 68275 行降级）"
1787765946586,6219,(building oid=0),hnsw,phase+counters,pg_stat_activity.query_start,"building index: loading tuples",86.77,view-counter,86.77,86.0,18.4,"单阶段访问方法：百分比即阶段内视图计数，不需要跨阶段权重","⚠ 预测会降级落盘","已按降级修正（减速倍数 4.031，预测第 68275 行降级）"
1787765947112,6219,(building oid=0),hnsw,phase+counters,pg_stat_activity.query_start,"building index: loading tuples",87.07,view-counter,87.07,86.6,17.9,"单阶段访问方法：百分比即阶段内视图计数，不需要跨阶段权重","⚠ 预测会降级落盘","已按降级修正（减速倍数 4.031，预测第 68275 行降级）"
1787765947639,6219,(building oid=0),hnsw,phase+counters,pg_stat_activity.query_start,"building index: loading tuples",87.47,view-counter,87.47,87.1,17.4,"单阶段访问方法：百分比即阶段内视图计数，不需要跨阶段权重","⚠ 预测会降级落盘","已按降级修正（减速倍数 4.031，预测第 68275 行降级）"
1787765948167,6219,(building oid=0),hnsw,phase+counters,pg_stat_activity.query_start,"building index: loading tuples",87.76,view-counter,87.76,87.6,16.9,"单阶段访问方法：百分比即阶段内视图计数，不需要跨阶段权重","⚠ 预测会降级落盘","已按降级修正（减速倍数 4.031，预测第 68275 行降级）"
1787765948693,6219,(building oid=0),hnsw,phase+counters,pg_stat_activity.query_start,"building index: loading tuples",88.16,view-counter,88.16,88.1,16.5,"单阶段访问方法：百分比即阶段内视图计数，不需要跨阶段权重","⚠ 预测会降级落盘","已按降级修正（减速倍数 4.031，预测第 68275 行降级）"
1787765949219,6219,(building oid=0),hnsw,phase+counters,pg_stat_activity.query_start,"building index: loading tuples",88.62,view-counter,88.62,88.7,16.0,"单阶段访问方法：百分比即阶段内视图计数，不需要跨阶段权重","⚠ 预测会降级落盘","已按降级修正（减速倍数 4.031，预测第 68275 行降级）"
1787765949745,6219,(building oid=0),hnsw,phase+counters,pg_stat_activity.query_start,"building index: loading tuples",88.90,view-counter,88.90,89.2,15.5,"单阶段访问方法：百分比即阶段内视图计数，不需要跨阶段权重","⚠ 预测会降级落盘","已按降级修正（减速倍数 4.031，预测第 68275 行降级）"
1787765950273,6219,(building oid=0),hnsw,phase+counters,pg_stat_activity.query_start,"building index: loading tuples",89.20,view-counter,89.20,89.7,15.0,"单阶段访问方法：百分比即阶段内视图计数，不需要跨阶段权重","⚠ 预测会降级落盘","已按降级修正（减速倍数 4.031，预测第 68275 行降级）"
1787765950805,6219,(building oid=0),hnsw,phase+counters,pg_stat_activity.query_start,"building index: loading tuples",89.65,view-counter,89.65,90.3,14.5,"单阶段访问方法：百分比即阶段内视图计数，不需要跨阶段权重","⚠ 预测会降级落盘","已按降级修正（减速倍数 4.031，预测第 68275 行降级）"
1787765951341,6219,(building oid=0),hnsw,phase+counters,pg_stat_activity.query_start,"building index: loading tuples",90.00,view-counter,90.00,90.8,14.0,"单阶段访问方法：百分比即阶段内视图计数，不需要跨阶段权重","⚠ 预测会降级落盘","已按降级修正（减速倍数 4.031，预测第 68275 行降级）"
1787765951870,6219,(building oid=0),hnsw,phase+counters,pg_stat_activity.query_start,"building index: loading tuples",90.40,view-counter,90.40,91.3,13.5,"单阶段访问方法：百分比即阶段内视图计数，不需要跨阶段权重","⚠ 预测会降级落盘","已按降级修正（减速倍数 4.031，预测第 68275 行降级）"
1787765952397,6219,(building oid=0),hnsw,phase+counters,pg_stat_activity.query_start,"building index: loading tuples",90.74,view-counter,90.74,91.8,13.0,"单阶段访问方法：百分比即阶段内视图计数，不需要跨阶段权重","⚠ 预测会降级落盘","已按降级修正（减速倍数 4.031，预测第 68275 行降级）"
1787765952927,6219,(building oid=0),hnsw,phase+counters,pg_stat_activity.query_start,"building index: loading tuples",91.09,view-counter,91.09,92.4,12.5,"单阶段访问方法：百分比即阶段内视图计数，不需要跨阶段权重","⚠ 预测会降级落盘","已按降级修正（减速倍数 4.031，预测第 68275 行降级）"
1787765953458,6219,(building oid=0),hnsw,phase+counters,pg_stat_activity.query_start,"building index: loading tuples",91.43,view-counter,91.43,92.9,12.0,"单阶段访问方法：百分比即阶段内视图计数，不需要跨阶段权重","⚠ 预测会降级落盘","已按降级修正（减速倍数 4.031，预测第 68275 行降级）"
1787765953985,6219,(building oid=0),hnsw,phase+counters,pg_stat_activity.query_start,"building index: loading tuples",91.72,view-counter,91.72,93.4,11.5,"单阶段访问方法：百分比即阶段内视图计数，不需要跨阶段权重","⚠ 预测会降级落盘","已按降级修正（减速倍数 4.031，预测第 68275 行降级）"
1787765954512,6219,(building oid=0),hnsw,phase+counters,pg_stat_activity.query_start,"building index: loading tuples",92.06,view-counter,92.06,94.0,11.0,"单阶段访问方法：百分比即阶段内视图计数，不需要跨阶段权重","⚠ 预测会降级落盘","已按降级修正（减速倍数 4.031，预测第 68275 行降级）"
1787765955037,6219,(building oid=0),hnsw,phase+counters,pg_stat_activity.query_start,"building index: loading tuples",92.40,view-counter,92.40,94.5,10.5,"单阶段访问方法：百分比即阶段内视图计数，不需要跨阶段权重","⚠ 预测会降级落盘","已按降级修正（减速倍数 4.031，预测第 68275 行降级）"
1787765955570,6219,(building oid=0),hnsw,phase+counters,pg_stat_activity.query_start,"building index: loading tuples",92.86,view-counter,92.86,95.0,10.0,"单阶段访问方法：百分比即阶段内视图计数，不需要跨阶段权重","⚠ 预测会降级落盘","已按降级修正（减速倍数 4.031，预测第 68275 行降级）"
1787765956097,6219,(building oid=0),hnsw,phase+counters,pg_stat_activity.query_start,"building index: loading tuples",93.22,view-counter,93.22,95.5,9.5,"单阶段访问方法：百分比即阶段内视图计数，不需要跨阶段权重","⚠ 预测会降级落盘","已按降级修正（减速倍数 4.031，预测第 68275 行降级）"
1787765956624,6219,(building oid=0),hnsw,phase+counters,pg_stat_activity.query_start,"building index: loading tuples",93.64,view-counter,93.64,96.1,8.9,"单阶段访问方法：百分比即阶段内视图计数，不需要跨阶段权重","⚠ 预测会降级落盘","已按降级修正（减速倍数 4.031，预测第 68275 行降级）"
1787765957150,6219,(building oid=0),hnsw,phase+counters,pg_stat_activity.query_start,"building index: loading tuples",94.00,view-counter,94.00,96.6,8.3,"单阶段访问方法：百分比即阶段内视图计数，不需要跨阶段权重","⚠ 预测会降级落盘","已按降级修正（减速倍数 4.031，预测第 68275 行降级）"
1787765957677,6219,(building oid=0),hnsw,phase+counters,pg_stat_activity.query_start,"building index: loading tuples",94.54,view-counter,94.54,97.1,7.8,"单阶段访问方法：百分比即阶段内视图计数，不需要跨阶段权重","⚠ 预测会降级落盘","已按降级修正（减速倍数 4.031，预测第 68275 行降级）"
1787765958205,6219,(building oid=0),hnsw,phase+counters,pg_stat_activity.query_start,"building index: loading tuples",94.85,view-counter,94.85,97.7,7.2,"单阶段访问方法：百分比即阶段内视图计数，不需要跨阶段权重","⚠ 预测会降级落盘","已按降级修正（减速倍数 4.031，预测第 68275 行降级）"
1787765958734,6219,(building oid=0),hnsw,phase+counters,pg_stat_activity.query_start,"building index: loading tuples",95.25,view-counter,95.25,98.2,6.5,"单阶段访问方法：百分比即阶段内视图计数，不需要跨阶段权重","⚠ 预测会降级落盘","已按降级修正（减速倍数 4.031，预测第 68275 行降级）"
1787765959263,6219,(building oid=0),hnsw,phase+counters,pg_stat_activity.query_start,"building index: loading tuples",95.63,view-counter,95.63,98.7,5.8,"单阶段访问方法：百分比即阶段内视图计数，不需要跨阶段权重","⚠ 预测会降级落盘","已按降级修正（减速倍数 4.031，预测第 68275 行降级）"
1787765959789,6219,(building oid=0),hnsw,phase+counters,pg_stat_activity.query_start,"building index: loading tuples",96.00,view-counter,96.00,99.2,5.3,"单阶段访问方法：百分比即阶段内视图计数，不需要跨阶段权重","⚠ 预测会降级落盘","已按降级修正（减速倍数 4.031，预测第 68275 行降级）"
1787765960315,6219,(building oid=0),hnsw,phase+counters,pg_stat_activity.query_start,"building index: loading tuples",96.29,view-counter,96.29,99.8,4.7,"单阶段访问方法：百分比即阶段内视图计数，不需要跨阶段权重","⚠ 预测会降级落盘","已按降级修正（减速倍数 4.031，预测第 68275 行降级）"
1787765960846,6219,(building oid=0),hnsw,phase+counters,pg_stat_activity.query_start,"building index: loading tuples",96.64,view-counter,96.64,100.3,4.2,"单阶段访问方法：百分比即阶段内视图计数，不需要跨阶段权重","⚠ 预测会降级落盘","已按降级修正（减速倍数 4.031，预测第 68275 行降级）"
1787765961374,6219,(building oid=0),hnsw,phase+counters,pg_stat_activity.query_start,"building index: loading tuples",97.01,view-counter,97.01,100.8,3.7,"单阶段访问方法：百分比即阶段内视图计数，不需要跨阶段权重","⚠ 预测会降级落盘","已按降级修正（减速倍数 4.031，预测第 68275 行降级）"
1787765961901,6219,(building oid=0),hnsw,phase+counters,pg_stat_activity.query_start,"building index: loading tuples",97.36,view-counter,97.36,101.3,3.3,"单阶段访问方法：百分比即阶段内视图计数，不需要跨阶段权重","⚠ 预测会降级落盘","已按降级修正（减速倍数 4.031，预测第 68275 行降级）"
1787765962428,6219,(building oid=0),hnsw,phase+counters,pg_stat_activity.query_start,"building index: loading tuples",97.68,view-counter,97.68,101.9,2.8,"单阶段访问方法：百分比即阶段内视图计数，不需要跨阶段权重","⚠ 预测会降级落盘","已按降级修正（减速倍数 4.031，预测第 68275 行降级）"
1787765962955,6219,(building oid=0),hnsw,phase+counters,pg_stat_activity.query_start,"building index: loading tuples",98.07,view-counter,98.07,102.4,2.3,"单阶段访问方法：百分比即阶段内视图计数，不需要跨阶段权重","⚠ 预测会降级落盘","已按降级修正（减速倍数 4.031，预测第 68275 行降级）"
1787765963482,6219,(building oid=0),hnsw,phase+counters,pg_stat_activity.query_start,"building index: loading tuples",98.39,view-counter,98.39,102.9,1.8,"单阶段访问方法：百分比即阶段内视图计数，不需要跨阶段权重","⚠ 预测会降级落盘","已按降级修正（减速倍数 4.031，预测第 68275 行降级）"
1787765964017,6219,(building oid=0),hnsw,phase+counters,pg_stat_activity.query_start,"building index: loading tuples",98.74,view-counter,98.74,103.5,1.3,"单阶段访问方法：百分比即阶段内视图计数，不需要跨阶段权重","⚠ 预测会降级落盘","已按降级修正（减速倍数 4.031，预测第 68275 行降级）"
1787765964550,6219,(building oid=0),hnsw,phase+counters,pg_stat_activity.query_start,"building index: loading tuples",99.10,view-counter,99.10,104.0,0.8,"单阶段访问方法：百分比即阶段内视图计数，不需要跨阶段权重","⚠ 预测会降级落盘","已按降级修正（减速倍数 4.031，预测第 68275 行降级）"
1787765965083,6219,(building oid=0),hnsw,phase+counters,pg_stat_activity.query_start,"building index: loading tuples",99.46,view-counter,99.46,104.5,0.3,"单阶段访问方法：百分比即阶段内视图计数，不需要跨阶段权重","⚠ 预测会降级落盘","已按降级修正（减速倍数 4.031，预测第 68275 行降级）"
1787765965641,6219,(building oid=0),hnsw,phase+counters,pg_stat_activity.query_start,"building index: loading tuples",100.00,view-counter,100.00,105.1,0.0,"单阶段访问方法：百分比即阶段内视图计数，不需要跨阶段权重","⚠ 预测会降级落盘","已按降级修正（减速倍数 4.031，预测第 68275 行降级）"
