variant,profile,metric,lists,probes,clients,repeat,recall,result_hash,p50_ms,p95_ms,qps,table_bytes,index_bytes,result_count
pg18-baseline,quick,l2,100,1,1,1,0.144000,24a9a98a03fabe218021d19863e18f9d,0.913,1.179,1130.257925,58720256,54976512,500
pg18-baseline,quick,l2,100,1,1,2,0.144000,24a9a98a03fabe218021d19863e18f9d,0.902,1.171,1142.334339,58720256,54976512,500
pg18-baseline,quick,l2,100,1,1,3,0.144000,24a9a98a03fabe218021d19863e18f9d,0.907,1.169,1137.856473,58720256,54976512,500
pg18-baseline,quick,l2,100,1,12,1,0.144000,24a9a98a03fabe218021d19863e18f9d,1.148,1.415,11117.714743,58720256,54976512,500
pg18-baseline,quick,l2,100,1,12,2,0.144000,24a9a98a03fabe218021d19863e18f9d,1.148,1.425,11092.769138,58720256,54976512,500
pg18-baseline,quick,l2,100,1,12,3,0.144000,24a9a98a03fabe218021d19863e18f9d,1.151,1.420,11063.625602,58720256,54976512,500
pg18-baseline,quick,l2,100,10,1,1,0.982000,11c11dd4a2c6f36a6e58312a5b3aaea3,3.701,4.782,263.825433,58720256,54976512,500
pg18-baseline,quick,l2,100,10,1,2,0.982000,11c11dd4a2c6f36a6e58312a5b3aaea3,3.759,4.738,261.605860,58720256,54976512,500
pg18-baseline,quick,l2,100,10,1,3,0.982000,11c11dd4a2c6f36a6e58312a5b3aaea3,3.755,4.869,259.846824,58720256,54976512,500
pg18-baseline,quick,l2,100,10,12,1,0.982000,11c11dd4a2c6f36a6e58312a5b3aaea3,4.446,5.482,2674.731782,58720256,54976512,500
pg18-baseline,quick,l2,100,10,12,2,0.982000,11c11dd4a2c6f36a6e58312a5b3aaea3,4.365,5.322,2735.146148,58720256,54976512,500
pg18-baseline,quick,l2,100,10,12,3,0.982000,11c11dd4a2c6f36a6e58312a5b3aaea3,4.346,5.298,2749.841625,58720256,54976512,500
pg18-baseline,quick,l2,100,20,1,1,1.000000,493c961f41abec9ff7e813e1100314c1,7.090,8.527,138.229388,58720256,54976512,500
pg18-baseline,quick,l2,100,20,1,2,1.000000,493c961f41abec9ff7e813e1100314c1,7.128,8.596,137.439031,58720256,54976512,500
pg18-baseline,quick,l2,100,20,1,3,1.000000,493c961f41abec9ff7e813e1100314c1,7.129,8.557,138.274336,58720256,54976512,500
pg18-baseline,quick,l2,100,20,12,1,1.000000,493c961f41abec9ff7e813e1100314c1,7.787,9.067,1537.267649,58720256,54976512,500
pg18-baseline,quick,l2,100,20,12,2,1.000000,493c961f41abec9ff7e813e1100314c1,7.780,9.174,1532.641629,58720256,54976512,500
pg18-baseline,quick,l2,100,20,12,3,1.000000,493c961f41abec9ff7e813e1100314c1,7.765,9.058,1539.258794,58720256,54976512,500
pg18-baseline,quick,ip,100,1,1,1,0.770000,e45055679b8901feb53a2cff436c9dc6,0.432,0.703,2162.351400,58720256,54984704,500
pg18-baseline,quick,ip,100,1,1,2,0.770000,e45055679b8901feb53a2cff436c9dc6,0.413,0.675,2258.032187,58720256,54984704,500
pg18-baseline,quick,ip,100,1,1,3,0.770000,e45055679b8901feb53a2cff436c9dc6,0.408,0.659,2297.550033,58720256,54984704,500
pg18-baseline,quick,ip,100,1,12,1,0.770000,e45055679b8901feb53a2cff436c9dc6,0.502,0.770,22902.939299,58720256,54984704,500
pg18-baseline,quick,ip,100,1,12,2,0.770000,e45055679b8901feb53a2cff436c9dc6,0.504,0.782,22764.007327,58720256,54984704,500
pg18-baseline,quick,ip,100,1,12,3,0.770000,e45055679b8901feb53a2cff436c9dc6,0.503,0.777,22843.660751,58720256,54984704,500
pg18-baseline,quick,ip,100,10,1,1,0.954000,6e4e03fbe0c4a3a93d4917cfa81b6aae,3.130,3.863,314.587417,58720256,54984704,500
pg18-baseline,quick,ip,100,10,1,2,0.954000,6e4e03fbe0c4a3a93d4917cfa81b6aae,3.128,3.895,314.128881,58720256,54984704,500
pg18-baseline,quick,ip,100,10,1,3,0.954000,6e4e03fbe0c4a3a93d4917cfa81b6aae,3.167,3.970,310.204715,58720256,54984704,500
pg18-baseline,quick,ip,100,10,12,1,0.954000,6e4e03fbe0c4a3a93d4917cfa81b6aae,3.716,4.737,3186.679544,58720256,54984704,500
pg18-baseline,quick,ip,100,10,12,2,0.954000,6e4e03fbe0c4a3a93d4917cfa81b6aae,3.672,4.547,3243.829375,58720256,54984704,500
pg18-baseline,quick,ip,100,10,12,3,0.954000,6e4e03fbe0c4a3a93d4917cfa81b6aae,3.666,4.550,3251.272085,58720256,54984704,500
pg18-baseline,quick,ip,100,20,1,1,0.978000,f27a31a4ca003102a68153eeac209da5,6.248,7.536,157.598935,58720256,54984704,500
pg18-baseline,quick,ip,100,20,1,2,0.978000,f27a31a4ca003102a68153eeac209da5,6.274,7.476,157.297945,58720256,54984704,500
pg18-baseline,quick,ip,100,20,1,3,0.978000,f27a31a4ca003102a68153eeac209da5,6.274,7.398,157.036967,58720256,54984704,500
pg18-baseline,quick,ip,100,20,12,1,0.978000,f27a31a4ca003102a68153eeac209da5,7.168,8.496,1671.523367,58720256,54984704,500
pg18-baseline,quick,ip,100,20,12,2,0.978000,f27a31a4ca003102a68153eeac209da5,7.225,8.534,1654.554594,58720256,54984704,500
pg18-baseline,quick,ip,100,20,12,3,0.978000,f27a31a4ca003102a68153eeac209da5,7.182,8.494,1663.897170,58720256,54984704,500
pg18-baseline,quick,cosine,100,1,1,1,0.776000,be42c0e595109a77df47257cf500840a,0.423,0.693,2205.074312,58720256,54984704,500
pg18-baseline,quick,cosine,100,1,1,2,0.776000,be42c0e595109a77df47257cf500840a,0.417,0.680,2230.523582,58720256,54984704,500
pg18-baseline,quick,cosine,100,1,1,3,0.776000,be42c0e595109a77df47257cf500840a,0.418,0.688,2229.932954,58720256,54984704,500
pg18-baseline,quick,cosine,100,1,12,1,0.776000,be42c0e595109a77df47257cf500840a,0.502,0.775,22902.113963,58720256,54984704,500
pg18-baseline,quick,cosine,100,1,12,2,0.776000,be42c0e595109a77df47257cf500840a,0.501,0.773,22931.940149,58720256,54984704,500
pg18-baseline,quick,cosine,100,1,12,3,0.776000,be42c0e595109a77df47257cf500840a,0.504,0.779,22775.577340,58720256,54984704,500
pg18-baseline,quick,cosine,100,10,1,1,0.946000,faddd0f7d6d31f7c90863eb5c34ca03f,3.117,3.937,314.437292,58720256,54984704,500
pg18-baseline,quick,cosine,100,10,1,2,0.946000,faddd0f7d6d31f7c90863eb5c34ca03f,3.163,3.916,311.288281,58720256,54984704,500
pg18-baseline,quick,cosine,100,10,1,3,0.946000,faddd0f7d6d31f7c90863eb5c34ca03f,3.073,3.818,320.034308,58720256,54984704,500
pg18-baseline,quick,cosine,100,10,12,1,0.946000,faddd0f7d6d31f7c90863eb5c34ca03f,3.650,4.551,3258.093927,58720256,54984704,500
pg18-baseline,quick,cosine,100,10,12,2,0.946000,faddd0f7d6d31f7c90863eb5c34ca03f,3.744,4.772,3162.451099,58720256,54984704,500
pg18-baseline,quick,cosine,100,10,12,3,0.946000,faddd0f7d6d31f7c90863eb5c34ca03f,3.658,4.533,3250.559693,58720256,54984704,500
pg18-baseline,quick,cosine,100,20,1,1,0.974000,7dc37ae30fa75e8f56d0b5d976141046,6.261,7.441,157.788008,58720256,54984704,500
pg18-baseline,quick,cosine,100,20,1,2,0.974000,7dc37ae30fa75e8f56d0b5d976141046,6.197,7.419,158.588994,58720256,54984704,500
pg18-baseline,quick,cosine,100,20,1,3,0.974000,7dc37ae30fa75e8f56d0b5d976141046,6.212,7.219,159.363697,58720256,54984704,500
pg18-baseline,quick,cosine,100,20,12,1,0.974000,7dc37ae30fa75e8f56d0b5d976141046,7.136,8.493,1674.271692,58720256,54984704,500
pg18-baseline,quick,cosine,100,20,12,2,0.974000,7dc37ae30fa75e8f56d0b5d976141046,7.169,8.558,1666.446565,58720256,54984704,500
pg18-baseline,quick,cosine,100,20,12,3,0.974000,7dc37ae30fa75e8f56d0b5d976141046,7.123,8.487,1677.178343,58720256,54984704,500
